test,reasoning_mean,response_mean,statistic,p_value
overall,0.038423097561262276,0.016623388444037934,4397478.5,3.9698518910532687e-165
epistemic_hedge,0.013404410502259979,0.0019791604527957035,1660009.0,4.061732110349712e-189
evidential_marker,0.0014610555654960178,0.0010930911541515802,20667.5,0.01389879809079285
explicit_uncertainty,0.0008327333530504497,0.0002272466467275972,9800.5,1.4162995616739047e-10
probability_language,0.008695661348477058,0.003424002893461204,824866.0,1.6490430550508882e-73
modal_hedge,0.014672882491815302,0.006340758745541754,1657188.0,6.481914814338823e-66
approximator,0.002127361036666743,0.004188342292458171,45813.0,0.06238414055430629
